Date,Year,Month,Pearson,Kendall,Spearman
1981-01-01,1981,1,0.419918401910692,0.25084241613202496,0.34759786406276405
1981-02-01,1981,2,0.5975575318190003,0.22681083945981065,0.3340271319351274
1981-03-01,1981,3,0.6189098557301032,0.24649861563532174,0.3539627116900674
1981-04-01,1981,4,0.5138727617988839,0.3301189467921232,0.44471128824153866
1981-05-01,1981,5,0.6509537730414773,0.20145498397695344,0.28920616669934895
1981-06-01,1981,6,0.8280288393655114,0.43166564522179307,0.6005688828819187
1981-07-01,1981,7,0.7571063754466106,0.5229645093238536,0.7032496726612552
1981-08-01,1981,8,0.7940125268056566,0.43225770932026786,0.5841605042189569
1981-09-01,1981,9,0.8559826388253343,0.43323349472582173,0.5826189619379482
1981-10-01,1981,10,0.6796035382210533,0.2798262082823315,0.4011931899699999
1981-11-01,1981,11,0.47057614695261235,0.1335220888992898,0.1963608637541618
1981-12-01,1981,12,0.42502149933815664,0.14822772163822978,0.21210511920531563
1982-01-01,1982,1,0.5383332563986211,0.26250397262757286,0.3734481888477365
1982-02-01,1982,2,0.6977172991173533,0.4825277402800653,0.6704481135191309
1982-03-01,1982,3,0.588233866489823,0.22079943220848136,0.3369940922866062
1982-04-01,1982,4,0.6247530767786529,0.2770212405434855,0.4146676165585736
1982-05-01,1982,5,0.7469157003232015,0.4665961338246181,0.6356006712617118
1982-06-01,1982,6,0.8322632972672421,0.4336630440313119,0.6035299158000845
1982-07-01,1982,7,0.8484176517156838,0.6326637943235259,0.815317894937481
1982-08-01,1982,8,0.8497062945680323,0.679426285758597,0.8534093351013882
1982-09-01,1982,9,0.7763290884974294,0.5323281297673422,0.7202099155205497
1982-10-01,1982,10,0.7091583722747864,0.48117670567969295,0.6784162724970835
1982-11-01,1982,11,0.6523562072118915,0.3577268273623071,0.5067318618851405
1982-12-01,1982,12,0.6792984075925866,0.35830427969940915,0.5070679459446875
1983-01-01,1983,1,0.6352993933299932,0.34824241216205953,0.50121193492886
1983-02-01,1983,2,0.7044815989661029,0.41001353720530337,0.5793656558426884
1983-03-01,1983,3,0.333590576119417,0.28754169335174234,0.40744915252096564
1983-04-01,1983,4,0.49915730679190295,0.41801490659788315,0.5783525623741612
1983-05-01,1983,5,0.7804281928783914,0.4460640600947274,0.6315813418552396
1983-06-01,1983,6,0.8005873425656164,0.5404237698906968,0.720083861977738
1983-07-01,1983,7,0.8227474206161545,0.570178662785643,0.7550863054078675
1983-08-01,1983,8,0.7757747156985426,0.4605066129379396,0.6453159751837618
1983-09-01,1983,9,0.8005342224503899,0.3955666541515456,0.5671943111000209
1983-10-01,1983,10,0.7589523749217976,0.4333352389611254,0.6182313886518772
1983-11-01,1983,11,0.740421290307251,0.39413359848684554,0.5491794631778107
1983-12-01,1983,12,0.7303558568569446,0.4284533535061093,0.6061117653223296
1984-01-01,1984,1,0.5447463012037242,0.29455154213654333,0.42040478756059035
1984-02-01,1984,2,0.6585843954919126,0.3712392084993321,0.5280565439241934
1984-03-01,1984,3,0.6715237870399416,0.3627021254493653,0.5218678468503191
1984-04-01,1984,4,0.704891870389221,0.4151337347279955,0.593590361875419
1984-05-01,1984,5,0.7048974818189663,0.4962482566975186,0.6919824267183837
1984-06-01,1984,6,0.8697269662214371,0.4921949754429545,0.6651924995499615
1984-07-01,1984,7,0.8291053742374569,0.5289238769216779,0.7131787744994021
1984-08-01,1984,8,0.8437490539112961,0.4757824856709612,0.6478802458102129
1984-09-01,1984,9,0.7554931592863736,0.4853077692903073,0.6635087045080447
1984-10-01,1984,10,0.7444332790689331,0.40745839531895894,0.5702990318270621
1984-11-01,1984,11,0.6847986253328746,0.4393844150028094,0.6183968405743986
1984-12-01,1984,12,0.6740980799430616,0.3634247834680236,0.5141591613071101
1985-01-01,1985,1,0.4629298265955462,0.18807468129644456,0.2825216224304799
1985-02-01,1985,2,0.450182312910507,0.2614712738267805,0.3795100028356863
1985-03-01,1985,3,0.5118007986476757,0.34941922641454093,0.5164023325604088
1985-04-01,1985,4,0.6957987559022197,0.46506728801412356,0.6597073369150177
1985-05-01,1985,5,0.7452907932868769,0.30715622378313756,0.4522743111355909
1985-06-01,1985,6,0.8056097634204202,0.5611658639062856,0.7493517430077549
1985-07-01,1985,7,0.7772479515728254,0.46870051691835973,0.6334471117318252
1985-08-01,1985,8,0.8038291362199976,0.445306625951756,0.6120584358533765
1985-09-01,1985,9,0.6762264169808282,0.3853676604029527,0.5487876337390382
1985-10-01,1985,10,0.5829807878965358,0.3628333302963619,0.5045005376072105
1985-11-01,1985,11,0.5423633988692119,0.19890908493017798,0.28684263311619607
1985-12-01,1985,12,0.48224085877746586,0.2207360127267005,0.321087247812593
1986-01-01,1986,1,0.6364268236402689,0.379210110333263,0.5484092006671307
1986-02-01,1986,2,0.41844759719472663,0.2413098936664498,0.3451000940800547
1986-03-01,1986,3,0.5817788149373523,0.3057402731894794,0.4438415179280225
1986-04-01,1986,4,0.7474773080498661,0.4738737919951062,0.652979996348369
1986-05-01,1986,5,0.7573075660580616,0.4619295777198481,0.6476564971379172
1986-06-01,1986,6,0.8283945969623293,0.4483382744694964,0.6151638568221902
1986-07-01,1986,7,0.8959428082985064,0.694101604958507,0.8630065825950932
1986-08-01,1986,8,0.8402461316671732,0.4775995746998807,0.6546070290599322
1986-09-01,1986,9,0.7742832770869427,0.33184762930986317,0.4632017293290121
1986-10-01,1986,10,0.5354500821817003,0.29631706745109404,0.42647905899825345
1986-11-01,1986,11,0.5475210378413091,0.33809364384916174,0.4758024958388748
1986-12-01,1986,12,0.5066971983914644,0.3347092454768573,0.4815964053711889
1987-01-01,1987,1,0.5146489887002264,0.28496806908776945,0.4119980053157849
1987-02-01,1987,2,0.6817525937930903,0.3380910652807032,0.4853805867483342
1987-03-01,1987,3,0.6730315170777911,0.4185388573966056,0.5933630800845761
1987-04-01,1987,4,0.6915789392965817,0.44233321702526485,0.6287707287824597
1987-05-01,1987,5,0.6339521226316334,0.2978122669792427,0.4435694723388346
1987-06-01,1987,6,0.8064685430344716,0.4639965548279733,0.6361255690789027
1987-07-01,1987,7,0.8172278295981694,0.44534329653490196,0.6274244371018917
1987-08-01,1987,8,0.8135472778449775,0.4976912033769732,0.6815685453356551
1987-09-01,1987,9,0.7171413879128092,0.5176062441312863,0.7079989536063946
1987-10-01,1987,10,0.6620547166993946,0.3633462418334757,0.5187331072566576
1987-11-01,1987,11,0.7132708937447415,0.3456331011342317,0.5094283166933449
1987-12-01,1987,12,0.4472996491350785,0.22408740791323903,0.3405529541753016
1988-01-01,1988,1,0.653327194357611,0.3870787307664109,0.5386419498259525
1988-02-01,1988,2,0.6930655756103273,0.4240379916220237,0.5817659549819019
1988-03-01,1988,3,0.334999922719836,0.22107607138788934,0.3202473923180687
1988-04-01,1988,4,0.6690625957941079,0.40503413325331517,0.5599046822973216
1988-05-01,1988,5,0.775330372812374,0.3839470691414612,0.5379367197993427
1988-06-01,1988,6,0.7556922545098811,0.4424562333554292,0.6076004200167344
1988-07-01,1988,7,0.7821931499700336,0.49157609328571195,0.6588722515881533
1988-08-01,1988,8,0.6859316889257376,0.49451945485714777,0.6650931288539701
1988-09-01,1988,9,0.6439855998069587,0.27102954656823536,0.3876811893099838
1988-10-01,1988,10,0.4401617208972764,0.23571273812700533,0.33634631333310033
1988-11-01,1988,11,0.6004668517079915,0.3521153287432812,0.49656095816335755
1988-12-01,1988,12,0.5820602391706832,0.3269933766931534,0.45970418691464354
1989-01-01,1989,1,0.7647322920915591,0.4361706577946176,0.6023522114713673
1989-02-01,1989,2,0.6146408428379883,0.29225092436170286,0.41725536526844037
1989-03-01,1989,3,0.4117254941510906,0.16887936006671186,0.2515217590288458
1989-04-01,1989,4,0.6634276174973471,0.3328641827984197,0.4748287801635746
1989-05-01,1989,5,0.70888615284514,0.3685954305206005,0.5162429863629359
1989-06-01,1989,6,0.7626260527835363,0.4859874931606006,0.6488215944732083
1989-07-01,1989,7,0.7703316810097587,0.5322383819867659,0.7165534468187127
1989-08-01,1989,8,0.8322515262871516,0.5204603949618489,0.6975952296459736
1989-09-01,1989,9,0.6651095399556833,0.4537328672268015,0.6252287047273652
1989-10-01,1989,10,0.6641662381625786,0.4924593661614612,0.6712194531585953
1989-11-01,1989,11,0.6388276504521324,0.30441386845697394,0.4497252528812793
1989-12-01,1989,12,0.5995298914104356,0.2726281887094122,0.3970172261442504
1990-01-01,1990,1,0.5469867643426417,0.3432717740352836,0.4878455174433218
1990-02-01,1990,2,0.6663516044740221,0.3720900773916437,0.5252894843443701
1990-03-01,1990,3,0.7098547080029625,0.4046818106785642,0.5650841889361619
1990-04-01,1990,4,0.6194512459059403,0.25141068980518794,0.3570779499339338
1990-05-01,1990,5,0.6891037014094475,0.2784621723104172,0.39882513905411476
1990-06-01,1990,6,0.8471230953318943,0.5553512598543258,0.7283061740516352
1990-07-01,1990,7,0.8065813485426264,0.41919681775461143,0.5879730639554105
1990-08-01,1990,8,0.8457691972165946,0.48605981824494193,0.6564188098942312
1990-09-01,1990,9,0.7508635464411308,0.4041084080316196,0.5533952882973316
1990-10-01,1990,10,0.5093862868733238,0.31943120426983257,0.4548067084931685
1990-11-01,1990,11,0.5886927031001596,0.31647665189102986,0.4526577682497786
1990-12-01,1990,12,0.46339977787791464,0.16427506404322684,0.24013512557852607
1991-01-01,1991,1,0.3277156172059965,0.17289357950501022,0.2431716796794166
1991-02-01,1991,2,0.4609800629856041,0.2966974106245077,0.4047549081793883
1991-03-01,1991,3,0.2890059587133998,0.16602371889264567,0.2310934777829134
1991-04-01,1991,4,0.6426307546494072,0.37835011278835473,0.5059087773447571
1991-05-01,1991,5,0.741965074204883,0.38225842676286353,0.5254379260414624
1991-06-01,1991,6,0.8416161394608849,0.5492536765126047,0.7295593290517349
1991-07-01,1991,7,0.8696498728084782,0.6049074456565369,0.7894653341288878
1991-08-01,1991,8,0.8255611537057858,0.6090212976702354,0.8025199478514154
1991-09-01,1991,9,0.7269476988379441,0.37888261898069364,0.5227004117761778
1991-10-01,1991,10,0.7094435589778152,0.3510496123966931,0.46557268168150795
1991-11-01,1991,11,0.38139216023085276,0.19596509601402634,0.2854406256089575
1991-12-01,1991,12,0.4413597895636636,0.25042642620920114,0.3440189277431625
1992-01-01,1992,1,0.6231515821633262,0.30612291953337784,0.43874675916322986
1992-02-01,1992,2,0.6411400104086283,0.2558949999168662,0.37266265035845186
1992-03-01,1992,3,0.5687989735636615,0.28591662093989284,0.4059210822779904
1992-04-01,1992,4,0.7863278847084324,0.47778435182341816,0.6428431639697453
1992-05-01,1992,5,0.8479612476366655,0.48144877429536354,0.6604564618870862
1992-06-01,1992,6,0.8757478822318064,0.5733236385315649,0.7474904005889725
1992-07-01,1992,7,0.8398712462714598,0.6113037455673606,0.8002290674873072
1992-08-01,1992,8,0.8037664835600474,0.5221548663120081,0.7097737601345097
1992-09-01,1992,9,0.784196884828916,0.39175209644017916,0.5545021357212958
1992-10-01,1992,10,0.7588421703791873,0.3687514816999985,0.5268512552661277
1992-11-01,1992,11,0.4279317060794872,0.18577662150300744,0.267530056781839
1992-12-01,1992,12,0.6779879762308355,0.3417286042819337,0.486250238968744
1993-01-01,1993,1,0.10720634001668154,0.17310775191008249,0.25518251243289997
1993-02-01,1993,2,0.41175613705888464,0.13888266093970048,0.18874055108335056
1993-03-01,1993,3,0.5585166538844608,0.21646391370084925,0.31313655710403815
1993-04-01,1993,4,0.5895179081827312,0.28179682324898275,0.4042543984114807
1993-05-01,1993,5,0.5683987085570834,0.23440905915865146,0.350981435907416
1993-06-01,1993,6,0.8131190997669259,0.5809959093609717,0.7624044203232817
1993-07-01,1993,7,0.8413652114216258,0.6512929946151085,0.8158964586758815
1993-08-01,1993,8,0.8093144387936104,0.5135267234174413,0.7015862940845258
1993-09-01,1993,9,0.6666977011713039,0.3992711193528634,0.5233216677541899
1993-10-01,1993,10,0.6438292256244245,0.34567871222652474,0.48438333390579325
1993-11-01,1993,11,0.40046815840383615,0.11249502466666007,0.16601917975340671
1993-12-01,1993,12,0.5810596507885024,0.28803010741390694,0.39962014334784784
1994-01-01,1994,1,0.4940296349076623,0.2693190020836576,0.3862912477165228
1994-02-01,1994,2,0.644043564067924,0.4548977755986758,0.6195095299758717
1994-03-01,1994,3,0.647205126564759,0.3278211476510678,0.46852577691841774
1994-04-01,1994,4,0.7381771452374679,0.4660956308888406,0.6504266567726741
1994-05-01,1994,5,0.8408290951913931,0.4463308571601147,0.6134096119584836
1994-06-01,1994,6,0.8330236669628353,0.5220506518809221,0.6903766829389796
1994-07-01,1994,7,0.7627423774614549,0.5510066337560325,0.7230270616414403
1994-08-01,1994,8,0.9034008755156124,0.6155365361351092,0.8002396585988292
1994-09-01,1994,9,0.7917979240825358,0.4726404569800421,0.6506773125865221
1994-10-01,1994,10,0.6935518631877341,0.4593551026640647,0.6301554999166542
1994-11-01,1994,11,0.5969410774131794,0.23042284299104987,0.3280910496873914
1994-12-01,1994,12,0.6166903349041377,0.3963028073857376,0.5392669714882504
1995-01-01,1995,1,0.5041978153686362,0.2911548276095732,0.42101425765769834
1995-02-01,1995,2,0.6307785099981521,0.3485302932081223,0.48504498533022244
1995-03-01,1995,3,0.4990897342690944,0.24868831276412323,0.35409094282659276
1995-04-01,1995,4,0.7679355212146584,0.4874074233741456,0.6721544819096009
1995-05-01,1995,5,0.8471165875489365,0.44341725404443727,0.6116657587940235
1995-06-01,1995,6,0.8886990695968967,0.5737824970412769,0.7645041174206342
1995-07-01,1995,7,0.7954176557990938,0.49930099794780597,0.6805845083284641
1995-08-01,1995,8,0.7292597722832258,0.3844093878325323,0.538755506141784
1995-09-01,1995,9,0.8506488699454835,0.5277593927829706,0.7069267370235895
1995-10-01,1995,10,0.7860995471143752,0.49196288922203885,0.6683813557700661
1995-11-01,1995,11,0.721444909953454,0.24333455080082333,0.3430404347670446
1995-12-01,1995,12,0.5158077875269254,0.27025780752601697,0.3823922111480695
1996-01-01,1996,1,0.6293973395332635,0.33181235769373796,0.46393819907615297
1996-02-01,1996,2,0.7140312275695925,0.328341151408102,0.4762908492685082
1996-03-01,1996,3,0.5763117337933792,0.2931425982520166,0.4211583436738967
1996-04-01,1996,4,0.8256470471704707,0.447170145709132,0.6309374727461012
1996-05-01,1996,5,0.8325942611010101,0.47123105920594766,0.6457253912180718
1996-06-01,1996,6,0.8384402551819422,0.462999385326431,0.6381378915450271
1996-07-01,1996,7,0.8303725997947812,0.5748157815314943,0.7711505990528568
1996-08-01,1996,8,0.8592300186794132,0.5110913034747445,0.6953982859867424
1996-09-01,1996,9,0.836240532555996,0.45711907688624576,0.6286677394074316
1996-10-01,1996,10,0.7218871911179656,0.3660429110870361,0.5218713607662591
1996-11-01,1996,11,0.7579197748936964,0.3883103621710571,0.5508344344754301
1996-12-01,1996,12,0.6321605826991061,0.29629169256836263,0.42381539837762927
1997-01-01,1997,1,0.22815041286556306,0.17269911361016804,0.23689165346509167
1997-02-01,1997,2,0.6131962635349856,0.3238499151521413,0.4721024552166875
1997-03-01,1997,3,0.48710438707075343,0.2897343320881832,0.4308029803055692
1997-04-01,1997,4,0.7148843513202461,0.4349751280271463,0.6040702789706479
1997-05-01,1997,5,0.8229110107884856,0.4412664516948752,0.6084115430800466
1997-06-01,1997,6,0.7728483101291188,0.4713236433570573,0.6441673854988108
1997-07-01,1997,7,0.7899839048460879,0.6779945130521369,0.8570887602378607
1997-08-01,1997,8,0.8817691399374465,0.6793720527449482,0.8626975906957784
1997-09-01,1997,9,0.8037029116194251,0.4922296287085458,0.6656609573679072
1997-10-01,1997,10,0.7048909360262499,0.41057374511416256,0.5728356687441665
1997-11-01,1997,11,0.737534744808947,0.3693072038189911,0.5197056703865508
1997-12-01,1997,12,0.6754253734737462,0.3620692856536855,0.5023015863377688
1998-01-01,1998,1,0.794436132402443,0.4325513200910549,0.5865267326890536
1998-02-01,1998,2,0.7332062252218386,0.4261506664033014,0.5946449917418288
1998-03-01,1998,3,0.6582105576102849,0.3631992410573261,0.5136008342243162
1998-04-01,1998,4,0.7934676185138922,0.487655370606309,0.6682896793534007
1998-05-01,1998,5,0.7534005330998368,0.3766831623412785,0.5243687463248928
1998-06-01,1998,6,0.8536306476826007,0.615987917123489,0.8014579056556204
1998-07-01,1998,7,0.8410346549233594,0.5731013467994434,0.7636251077314016
1998-08-01,1998,8,0.8031261973413341,0.473902896378043,0.6542811581512814
1998-09-01,1998,9,0.7672054292263484,0.44117734647878093,0.6026370850260098
1998-10-01,1998,10,0.7190067423855004,0.4700609875614663,0.6518757800558861
1998-11-01,1998,11,0.67142086502059,0.32448333599699175,0.45227944955315347
1998-12-01,1998,12,0.5199816290666471,0.25712165558258926,0.358558350354126
1999-01-01,1999,1,0.4523979817153348,0.2611956468883536,0.37983760364155417
1999-02-01,1999,2,0.6106745315400042,0.28982884925655417,0.4105022460613863
1999-03-01,1999,3,0.46722154181690106,0.1719737799753457,0.24686480407802888
1999-04-01,1999,4,0.8455244645404724,0.5759309259127502,0.7603270205243248
1999-05-01,1999,5,0.8180489607752074,0.3863071968732612,0.5354868573179972
1999-06-01,1999,6,0.783129006732296,0.46058346710822523,0.6313331807940835
1999-07-01,1999,7,0.8444964804271221,0.5571558801139926,0.7351461276821926
1999-08-01,1999,8,0.7551329782253619,0.46992787677341485,0.6432553545664469
1999-09-01,1999,9,0.6772195074439936,0.3715707572363451,0.5299993218040489
1999-10-01,1999,10,0.6269667383115819,0.32068141707969666,0.46804568238613353
1999-11-01,1999,11,0.6247138430061605,0.3463940400032076,0.49052599746003567
1999-12-01,1999,12,0.7064562522440108,0.372944255678876,0.5226375428974538
2000-01-01,2000,1,0.40165408034282424,0.284326204011394,0.4066023681370666
2000-02-01,2000,2,0.3620031744640016,0.18413397698861994,0.25885902503189284
2000-03-01,2000,3,0.5486182472828693,0.28874500423439,0.41887326765364236
2000-04-01,2000,4,0.7905774502485019,0.41377077696368253,0.5860353154916252
2000-05-01,2000,5,0.8811414659653095,0.5892156698774321,0.7737366716240763
2000-06-01,2000,6,0.8342110241845585,0.53274454122075,0.7230235188407985
2000-07-01,2000,7,0.7883689286944526,0.5602278212264805,0.7451148753428982
2000-08-01,2000,8,0.8668713315531864,0.581552521739922,0.7577378909419004
2000-09-01,2000,9,0.6795441456868904,0.3574027754645373,0.5146928513566497
2000-10-01,2000,10,0.7415309896679309,0.374661696307011,0.5302359272561593
2000-11-01,2000,11,0.5382027325735222,0.3906079370420168,0.5316649506140829
2000-12-01,2000,12,0.5940993937804789,0.4467944636306775,0.6093324383618995
2001-01-01,2001,1,0.7558202083058267,0.44297584039171123,0.6048848343584743
2001-02-01,2001,2,0.6744292473523855,0.37349667807370673,0.5148482409355905
2001-03-01,2001,3,0.577784612320161,0.30577574956966863,0.4305221489293959
2001-04-01,2001,4,0.8543188469343446,0.5577735013458098,0.741443038482492
2001-05-01,2001,5,0.8382391569984734,0.44383008596421847,0.6050051950451287
2001-06-01,2001,6,0.8731149388997325,0.5657354809359106,0.7506313072455794
2001-07-01,2001,7,0.8841572386764698,0.571025319498842,0.7434206904458779
2001-08-01,2001,8,0.8472604936862217,0.6494284493082472,0.8312886620142345
2001-09-01,2001,9,0.7801376490204444,0.4174389478216117,0.5765890283845136
2001-10-01,2001,10,0.7014664616191248,0.49401738659919087,0.6618476662914516
2001-11-01,2001,11,0.8165671401602043,0.45562770330423685,0.6239743812513753
2001-12-01,2001,12,0.7140263601612986,0.4546926724890883,0.6216629755716808
2002-01-01,2002,1,0.24337345141107336,0.1741721887598652,0.24960785190042725
2002-02-01,2002,2,0.6469078057544789,0.2579275809798289,0.36530417028402584
2002-03-01,2002,3,0.7009323648700295,0.4496792201081259,0.6173261888355177
2002-04-01,2002,4,0.6451050017614618,0.41097150690706674,0.5865700209627924
2002-05-01,2002,5,0.7734528088131435,0.4484255981181331,0.604893885464001
2002-06-01,2002,6,0.7150349670475126,0.5440039497605546,0.7251236808909458
2002-07-01,2002,7,0.8105338202169744,0.5233364486849102,0.693145084754608
2002-08-01,2002,8,0.7995072672914784,0.6014981564035035,0.7869049117973067
2002-09-01,2002,9,0.7987567670825783,0.4417453154436384,0.6112872214282157
2002-10-01,2002,10,0.7338757785180225,0.3839255245237818,0.5403573826581545
2002-11-01,2002,11,0.7333566491704647,0.31162399881467373,0.4381747904182485
2002-12-01,2002,12,0.7716401202488398,0.5048355514016947,0.6493521975450173
2003-01-01,2003,1,0.6006712152228267,0.31583182209310784,0.4443858202237631
2003-02-01,2003,2,0.7109367098599587,0.3964749961999437,0.5499461917840361
2003-03-01,2003,3,0.5344828455530614,0.30999853405028255,0.45098077317298474
2003-04-01,2003,4,0.6499939365263757,0.41064159738308914,0.5689896961048132
2003-05-01,2003,5,0.7546021908334145,0.46609292092355414,0.6307462531481441
2003-06-01,2003,6,0.7733774062717077,0.43465671558526014,0.6086996404846033
2003-07-01,2003,7,0.7367971103555327,0.5138022492184892,0.6968606507658774
2003-08-01,2003,8,0.8275706666336746,0.5193134542928415,0.684720178059741
2003-09-01,2003,9,0.8615834201056142,0.3906524232311743,0.5446720513522041
2003-10-01,2003,10,0.5291300297742337,0.314616572878877,0.44665595553868637
2003-11-01,2003,11,0.6511665506324773,0.21599033232438747,0.3079912753467005
2003-12-01,2003,12,0.5459916262948173,0.24818950810836643,0.3583689132728683
2004-01-01,2004,1,0.4077582696787228,0.22794744096233613,0.3210740454192961
2004-02-01,2004,2,0.6275095863372034,0.42592592704031446,0.5871460876083799
2004-03-01,2004,3,0.6948356225593977,0.34892613394684663,0.4945424173489561
2004-04-01,2004,4,0.6314999647369338,0.33326972482376677,0.47734765306324883
2004-05-01,2004,5,0.8416681761795339,0.47694591392725333,0.651140463700328
2004-06-01,2004,6,0.8375132258547318,0.6354630234946657,0.8169587032648634
2004-07-01,2004,7,0.8421572502572667,0.5040867949807417,0.6825784964047037
2004-08-01,2004,8,0.8592174644793008,0.6328480191965663,0.8177407117499635
2004-09-01,2004,9,0.6410754498104239,0.4039092584211163,0.5561441454628173
2004-10-01,2004,10,0.6448930697522937,0.23119929952313664,0.3427476707372317
2004-11-01,2004,11,0.6696808833498193,0.34496968988246196,0.4803522353998134
2004-12-01,2004,12,0.6542510821660286,0.2206111292065168,0.3172073098741878
2005-01-01,2005,1,0.6545484197844811,0.41202261364868653,0.5676854292924469
2005-02-01,2005,2,0.7283730141867736,0.36314958852305135,0.5073542473424495
2005-03-01,2005,3,0.7286036126773965,0.41458991484192387,0.5825996521034821
2005-04-01,2005,4,0.8174619717609286,0.4468654789301183,0.6096959225333245
2005-05-01,2005,5,0.7037407627771277,0.3310825542633104,0.4686867692793877
2005-06-01,2005,6,0.8419449661360671,0.5233971112576397,0.7108419438165593
2005-07-01,2005,7,0.8651181863158484,0.5601844255892514,0.7398947168096436
2005-08-01,2005,8,0.827111604537507,0.43990712512450203,0.612997364905874
2005-09-01,2005,9,0.8057158189927757,0.3916061480230608,0.5537010089627478
2005-10-01,2005,10,0.7172427435747252,0.37164627219345975,0.5193642000254256
2005-11-01,2005,11,0.6318394374468638,0.3353866067409174,0.4802464262497167
2005-12-01,2005,12,0.4564363400513865,0.3295885726126601,0.46697288858731606
2006-01-01,2006,1,0.5484170075560949,0.25400957528445695,0.37516248221178966
2006-02-01,2006,2,0.6277159398617994,0.3553953600442858,0.49932312554086494
2006-03-01,2006,3,0.6968096234920108,0.36143972715114786,0.513805509468473
2006-04-01,2006,4,0.6424436456644269,0.35333400947418514,0.504339860331514
2006-05-01,2006,5,0.7353671983878624,0.330329033868201,0.47246295359948853
2006-06-01,2006,6,0.781430029866,0.5064016675593419,0.6769134890344113
2006-07-01,2006,7,0.8012004132975504,0.6051909168989869,0.7885842213983375
2006-08-01,2006,8,0.8435600127495235,0.527634334850672,0.6998443340308432
2006-09-01,2006,9,0.8191744897766028,0.45822420051763324,0.636086151710134
2006-10-01,2006,10,0.6385233863705877,0.24295243002938327,0.3707987737611855
2006-11-01,2006,11,0.7038660602296841,0.32315199900827885,0.4616316710686769
2006-12-01,2006,12,0.6877991674640245,0.24596307375599952,0.3487182843537769
2007-01-01,2007,1,0.7281324494419364,0.41764873094248667,0.5596027801549551
2007-02-01,2007,2,0.3673169142305204,0.25112457200660954,0.35664850773117424
2007-03-01,2007,3,0.7449204111552382,0.45490671619315814,0.6090873165218711
2007-04-01,2007,4,0.7544451536754048,0.3391688119240159,0.49043808637064545
2007-05-01,2007,5,0.7811381304762176,0.40376272416698816,0.5605514407738897
2007-06-01,2007,6,0.8572712516247264,0.6127370174097176,0.7929640781786483
2007-07-01,2007,7,0.8196146479010499,0.5485761015592737,0.749367634955733
2007-08-01,2007,8,0.8035141765276674,0.5315391884537373,0.7260685832396453
2007-09-01,2007,9,0.8683158681059431,0.5152043721204033,0.6862509091386938
2007-10-01,2007,10,0.6491184753960991,0.38297434855999357,0.529186464995313
2007-11-01,2007,11,0.7004212144570642,0.37834260007754417,0.5366434836478764
2007-12-01,2007,12,0.4603227348520701,0.3414866806318318,0.4765007004803212
2008-01-01,2008,1,0.7377061158255588,0.37231443404050496,0.5275240575814427
2008-02-01,2008,2,0.6192935896120189,0.39805616685748196,0.5425332113626979
2008-03-01,2008,3,0.5607174690836756,0.3505880802287221,0.48779989898005016
2008-04-01,2008,4,0.6128022398374106,0.38806780539411423,0.5484515652595225
2008-05-01,2008,5,0.7228686617140502,0.34078121276587486,0.4875938814477515
2008-06-01,2008,6,0.8177021033359093,0.5029271058195577,0.6576040239533341
2008-07-01,2008,7,0.8344914769109153,0.5760365134216764,0.736850252951575
2008-08-01,2008,8,0.621913747521935,0.37130016649479336,0.5060392402540079
2008-09-01,2008,9,0.8213807851497766,0.4284414492744362,0.5777090908315718
2008-10-01,2008,10,0.6648011833943108,0.31415657718308054,0.45493964512907636
2008-11-01,2008,11,0.5646406159674483,0.2460975934344209,0.35447034253079035
2008-12-01,2008,12,0.561221711940493,0.2692437882252092,0.3902510251642874
2009-01-01,2009,1,0.6238059496221652,0.22727445959449263,0.3313393489597103
2009-02-01,2009,2,0.5969697374028881,0.27849123261098324,0.3873290476801616
2009-03-01,2009,3,0.6193363179526358,0.3069491762873946,0.43030209218736193
2009-04-01,2009,4,0.8212970361644275,0.4199140659518973,0.5795800188867436
2009-05-01,2009,5,0.806522390686487,0.5209985145875011,0.7053665769510898
2009-06-01,2009,6,0.8529650646496035,0.5206352212336794,0.6989177631201556
2009-07-01,2009,7,0.8553442897039242,0.6380773036183767,0.8176795580117793
2009-08-01,2009,8,0.8687893600070411,0.5944845566748788,0.7725730520903664
2009-09-01,2009,9,0.8324411677727832,0.5092431402547278,0.6605003536624241
2009-10-01,2009,10,0.669285495893297,0.38575329068609904,0.5206773005928453
2009-11-01,2009,11,0.6794908493609892,0.37903534826352103,0.5109570884347006
2009-12-01,2009,12,0.7023734008924636,0.3960263854300219,0.5387831170677545
2010-01-01,2010,1,0.6774031790175821,0.3139628958520721,0.44122678318101005
2010-02-01,2010,2,0.7028900004844824,0.3582444283754111,0.5026122692390371
2010-03-01,2010,3,0.8602774087189322,0.5019206418018717,0.6799114536362862
2010-04-01,2010,4,0.6249852322194144,0.23871743307282534,0.3525621744207847
2010-05-01,2010,5,0.6456806304419273,0.23172457396347929,0.352350678659458
2010-06-01,2010,6,0.7582322457443132,0.493541667303627,0.6685687824805253
2010-07-01,2010,7,0.7078117664026847,0.3338571845892936,0.4638841661095311
2010-08-01,2010,8,0.7864882632195869,0.4847979333824351,0.648451653468797
2010-09-01,2010,9,0.6249597118505217,0.32144712713165946,0.4575110450627878
2010-10-01,2010,10,0.5281708508582914,0.16898334535495776,0.25485357363781674
2010-11-01,2010,11,0.4907761606442587,0.20943548925711336,0.30960387097613035
2010-12-01,2010,12,0.5808311824726585,0.3063101419867354,0.4323128083445015
2011-01-01,2011,1,0.6111976575995126,0.296001299264269,0.430218058282275
2011-02-01,2011,2,0.5966709564156619,0.30220032735042984,0.43349584481499115
2011-03-01,2011,3,0.4915044127578769,0.209578122793945,0.30170823979458317
2011-04-01,2011,4,0.5958436455543429,0.32472527895561604,0.45780895864853427
2011-05-01,2011,5,0.7788140230173909,0.3572730938963613,0.5043079906602785
2011-06-01,2011,6,0.8617082434502639,0.5615899422597356,0.7465259001150152
2011-07-01,2011,7,0.8951917260692889,0.5457631869667955,0.7333229910480091
2011-08-01,2011,8,0.8693139821352037,0.5037566355577378,0.6860641783256585
2011-09-01,2011,9,0.8934129463417785,0.45134203028488573,0.6088196926747526
2011-10-01,2011,10,0.6721222891518954,0.3837638984345953,0.5304633249769927
2011-11-01,2011,11,0.7320474834949251,0.33657454871684395,0.47128919288370663
2011-12-01,2011,12,0.6985420046870666,0.39207461528443704,0.5522510189671761
2012-01-01,2012,1,0.7505888925486984,0.4888929038457728,0.6782690403988547
2012-02-01,2012,2,0.6549574976389668,0.3775937025739388,0.5313049144088445
2012-03-01,2012,3,0.8274933534684982,0.4196681052591622,0.5737574027089085
2012-04-01,2012,4,0.7400870067043432,0.3957286078588282,0.557681710388815
2012-05-01,2012,5,0.9007620636499228,0.5872216218593593,0.7700302466246635
2012-06-01,2012,6,0.9311624587004205,0.6957558710447295,0.8648131686006444
2012-07-01,2012,7,0.9346139761411109,0.7167905662825581,0.8815438754246104
2012-08-01,2012,8,0.8979018468346864,0.6307919123841617,0.8044011884420189
2012-09-01,2012,9,0.9084598180792487,0.5706444210476573,0.7616161753229111
2012-10-01,2012,10,0.8159213437134866,0.46099842371887617,0.6532462908950968
2012-11-01,2012,11,0.7945727604945116,0.5002802031041873,0.6919857359709165
2012-12-01,2012,12,0.7547888527801919,0.46662853353090983,0.6483348566070711
2013-01-01,2013,1,0.7572912057060248,0.5317887390550843,0.7289494450385099
2013-02-01,2013,2,0.5673410320698481,0.41559531011337375,0.5816062468691509
2013-03-01,2013,3,0.7577171458960311,0.4121870299927188,0.5738560029378394
2013-04-01,2013,4,0.7111708450884682,0.38789225474366335,0.5483876199957078
2013-05-01,2013,5,0.8127490632040159,0.5183235506178253,0.70451531463737
2013-06-01,2013,6,0.8288708656528,0.65132597601947,0.8426101154192831
2013-07-01,2013,7,0.9015772544960583,0.6541867873545547,0.8413268895410663
2013-08-01,2013,8,0.7719008040635265,0.5336627734846686,0.7248930328897638
2013-09-01,2013,9,0.8544976426566516,0.49298746020341233,0.6755764859766357
2013-10-01,2013,10,0.7454392649944441,0.39094534875846954,0.5494850054126589
2013-11-01,2013,11,0.6288100241509099,0.30839752715262303,0.4482904299566002
2013-12-01,2013,12,0.6473289447015899,0.5208009429669861,0.694549998880164
2014-01-01,2014,1,0.6694577848216371,0.5374584588732625,0.728876281991218
2014-02-01,2014,2,0.6973985515156743,0.37142859291432984,0.524595253342515
2014-03-01,2014,3,0.39732282281624237,0.19625851475418346,0.29281927957738435
2014-04-01,2014,4,0.8088388822857007,0.5033778611429767,0.6852983628497726
2014-05-01,2014,5,0.5934187693769177,0.4373168330694857,0.6167140103753674
2014-06-01,2014,6,0.8198840738553195,0.5370021745379919,0.7418814443882097
2014-07-01,2014,7,0.7868514405947427,0.6144028437285924,0.8154832510716747
2014-08-01,2014,8,0.8497673888250317,0.5694902919340846,0.7554402479962987
2014-09-01,2014,9,0.687237529547956,0.30990654746976243,0.44420231097327784
2014-10-01,2014,10,0.6395758614240961,0.39398663145300605,0.5563811947948163
2014-11-01,2014,11,0.691188441649421,0.2511457547349416,0.3653681673472144
2014-12-01,2014,12,0.5731377300398944,0.3516270846819653,0.4991984620494462
2015-01-01,2015,1,0.6766827047327771,0.3780611522020287,0.558481383557422
2015-02-01,2015,2,0.25731762034098316,0.18199841753391763,0.26571982713882736
2015-03-01,2015,3,0.5399837301964536,0.3656218477186739,0.5224399171986409
2015-04-01,2015,4,0.5576779761605933,0.3217365463321358,0.4567369855673466
2015-05-01,2015,5,0.7054644051390426,0.3233711231551953,0.4507605998129266
2015-06-01,2015,6,0.7980439139410587,0.5111709846079637,0.7075100437292817
2015-07-01,2015,7,0.8582825240978428,0.576743160946305,0.7719934348815193
2015-08-01,2015,8,0.8088244386592925,0.4550721609574242,0.6333646811323768
2015-09-01,2015,9,0.7180125622312022,0.3161044203809231,0.4531202167231159
2015-10-01,2015,10,0.7327261338654808,0.315930671192129,0.4570920560401586
2015-11-01,2015,11,0.6800746425682936,0.19166496370662697,0.3010433158749974
2015-12-01,2015,12,0.5315640896206388,0.15521521160191085,0.21898128621997262
2016-01-01,2016,1,0.5633808972506587,0.3169061437314548,0.46001642802637593
2016-02-01,2016,2,0.64095722990633,0.3516718573450085,0.5017473027154928
2016-03-01,2016,3,0.617182771069801,0.3777324840887002,0.5372512320543161
2016-04-01,2016,4,0.7887611653261785,0.4085717695581215,0.5628261020216703
2016-05-01,2016,5,0.8165616702232998,0.3328211078231421,0.46069115207548694
2016-06-01,2016,6,0.8146835853026185,0.5954086459149094,0.8019879626267283
2016-07-01,2016,7,0.798975739379236,0.5844287636747427,0.7721863842855617
2016-08-01,2016,8,0.9007841434162948,0.6546428313273392,0.8266611531172681
2016-09-01,2016,9,0.7641085149381422,0.4824030954607038,0.6519844956301472
2016-10-01,2016,10,0.7724530904656807,0.5238292172778536,0.7050483624129271
2016-11-01,2016,11,0.4478365583571418,0.2413315266843157,0.34229485668923276
2016-12-01,2016,12,0.7069765509813299,0.4494219748946226,0.6238044436466763
2017-01-01,2017,1,0.4848384887829636,0.24957879215039538,0.3427195175102025
2017-02-01,2017,2,0.4845809183571098,0.3042315307561204,0.4450436965913501
2017-03-01,2017,3,0.6586666588812706,0.43280322030388424,0.6222168528967709
2017-04-01,2017,4,0.7657480219492843,0.4832741881198826,0.6502227201565035
2017-05-01,2017,5,0.8415180253967175,0.41240778115012383,0.5576096727452419
2017-06-01,2017,6,0.7963014083400469,0.4712271683657643,0.6506927550790866
2017-07-01,2017,7,0.5966716985321113,0.4963063763608087,0.695326658884785
2017-08-01,2017,8,0.8480841369129307,0.5264061010486178,0.7118388102978648
2017-09-01,2017,9,0.8368670730461341,0.5046638546712614,0.672619114979173
2017-10-01,2017,10,0.6513738599421762,0.4126336560547747,0.5650840145076312
2017-11-01,2017,11,0.7983647487589822,0.5789572952499453,0.7675948895384316
2017-12-01,2017,12,0.5412649234943889,0.3099485288170277,0.47108261119855244
2018-01-01,2018,1,0.6641089190295495,0.38049328310677083,0.5206929133985805
2018-02-01,2018,2,0.6854124464620183,0.4556564665931321,0.6308648499245978
2018-03-01,2018,3,0.6669619713759954,0.36542990520490887,0.5200996672214289
2018-04-01,2018,4,0.7018890600083476,0.33594296067206786,0.47864970257643225
2018-05-01,2018,5,0.7098468215738414,0.4231668349818729,0.5877470240786753
2018-06-01,2018,6,0.9198433399544452,0.6502242606471718,0.8398877603755597
2018-07-01,2018,7,0.8986622790789361,0.639412997903564,0.8268647290630987
2018-08-01,2018,8,0.9038432272493474,0.6160555125978291,0.7987943737576878
2018-09-01,2018,9,0.8286449576101936,0.5071925519129622,0.6905675194290279
2018-10-01,2018,10,0.7852863791157652,0.58045226205153,0.7792190125741026
2018-11-01,2018,11,0.7158708268369062,0.46360835232372494,0.6330702486926194
2018-12-01,2018,12,0.6592631051079774,0.4858538098130437,0.6814632752641206
2019-01-01,2019,1,0.5221754236774608,0.31391201567678073,0.45686271084550856
2019-02-01,2019,2,0.8749698220913851,0.6048171305356416,0.7891749590148464
2019-03-01,2019,3,0.6742510834938458,0.43174975116650316,0.5889344714413148
2019-04-01,2019,4,0.5891987239570464,0.3699959638907309,0.5133396541263529
2019-05-01,2019,5,0.8489833932349756,0.5184650409496776,0.6989226697145337
2019-06-01,2019,6,0.8533110776535929,0.648808874257725,0.8286012724337669
2019-07-01,2019,7,0.8657072354068601,0.6168913363444153,0.7997596337924915
2019-08-01,2019,8,0.8748968801602278,0.6581826025732854,0.8374816437687149
2019-09-01,2019,9,0.7847621481508971,0.39508344456416955,0.5492518788318369
2019-10-01,2019,10,0.6237333745465478,0.43228074906119734,0.6037406465858081
2019-11-01,2019,11,0.4844813891770424,0.266738351244134,0.3665598238409626
2019-12-01,2019,12,0.6738217228267211,0.3957895169975898,0.5703180370820093
2020-01-01,2020,1,0.21587105761749492,0.17731064887886747,0.26790484917742946
2020-02-01,2020,2,0.3488815003696896,0.20436835703427328,0.3042042113488353
2020-03-01,2020,3,0.40671487903068526,0.19698783030957662,0.2925256044057907
2020-04-01,2020,4,0.5762469913918964,0.36195475848260783,0.5215898848007433
2020-05-01,2020,5,0.7893713672388288,0.46121183262878673,0.6205996749816989
2020-06-01,2020,6,0.8635642348191557,0.5018333075858764,0.6824671912046678
2020-07-01,2020,7,0.7727490976503574,0.5030913802613892,0.6839991041352992
2020-08-01,2020,8,0.7148420556833801,0.331348760691047,0.4691498508189
2020-09-01,2020,9,0.7140783230147496,0.37421275866543136,0.5370185065474439
2020-10-01,2020,10,0.7869470375728653,0.45724534692318203,0.6314859336907908
2020-11-01,2020,11,0.3311299204334493,0.02569232403418498,0.02729454969745036
2020-12-01,2020,12,0.6815444363820959,0.41325164629719635,0.5717775236502408
2021-01-01,2021,1,0.6167079595890019,0.4575360137604816,0.642621851391601
2021-02-01,2021,2,0.6290095136007466,0.3856934658170213,0.5429469322752921
2021-03-01,2021,3,0.3802120530852773,0.2793811190561197,0.42215123122985965
2021-04-01,2021,4,0.6959889491187853,0.36593129404915375,0.5296044711107503
2021-05-01,2021,5,0.6267780713503127,0.24445442741365414,0.3488360699679656
2021-06-01,2021,6,0.6975300517183156,0.37235331987193376,0.5351352268679435
2021-07-01,2021,7,0.8082124506420566,0.5961517824401629,0.804400640408314
2021-08-01,2021,8,0.7725961826340014,0.41510705024594763,0.5772782788250373
2021-09-01,2021,9,0.6837862188354543,0.4001719690535165,0.556363540776473
2021-10-01,2021,10,0.6124643515511238,0.3652393042862612,0.524362225559343
2021-11-01,2021,11,0.6182153139098705,0.3648930883600624,0.5038338279656056
2021-12-01,2021,12,0.5708923904196798,0.40425001263281307,0.5932276639720593
2022-01-01,2022,1,0.44931698302251966,0.43473713231967404,0.6175583510359685
2022-02-01,2022,2,0.6724940224274937,0.42409754977121455,0.5703705987238098
2022-03-01,2022,3,0.7460856186356909,0.4220841782411785,0.5971918252304512
2022-04-01,2022,4,0.6349526411525711,0.4200879890836755,0.604314484359446
2022-05-01,2022,5,0.8409595346086953,0.42003999312312856,0.5857369816302892
2022-06-01,2022,6,0.5202211653787238,0.13540266507068463,0.19130171648509411
2022-07-01,2022,7,0.8601879434278156,0.5936290235737376,0.7578293170375812
2022-08-01,2022,8,0.8948632330761616,0.5654672840200118,0.7503827727818808
2022-09-01,2022,9,0.7528247398233741,0.391152224164411,0.5403025987786058
2022-10-01,2022,10,0.536454586656237,0.32200732934695775,0.45496733063879796
2022-11-01,2022,11,0.628744994437974,0.3169599596571116,0.45444627604766585
2022-12-01,2022,12,0.6257932064998856,0.4228557197785494,0.5829358848713536
